{
  "family": "m2_m3",
  "regime": "OVERDETERMINED",
  "success": true,
  "n_constraints": 8,
  "n_params": 7,
  "max_residual": 2.220446049250313e-16,
  "params": {
    "theta_E": 0.6563730885748199,
    "c_2": 0.2456904548130978,
    "s_2": 0.1593343050165933,
    "c_3": 0.21916939585687162,
    "s_3": 0.1496152391507797,
    "beta_x": -9.259215822285562e-17,
    "beta_y": 3.828608571267694e-17
  }
}