{
  "family": "m2_shear",
  "regime": "OVERDETERMINED",
  "success": true,
  "n_constraints": 8,
  "n_params": 7,
  "max_residual": 0.006539288286915745,
  "params": {
    "theta_E": 0.8476138466622636,
    "c_2": 0.08179437540552778,
    "s_2": 0.06143155363508005,
    "gamma_1": -0.006153863401375005,
    "gamma_2": 0.015274862635895716,
    "beta_x": 0.0010992296537659688,
    "beta_y": -0.010313450046868719
  }
}