index,residual
0,0.0031014514085488942
1,0.0028831886317188804
2,-0.006092422976151646
3,-0.0035916729283612114
4,0.006539288286915745
5,-0.00024126401056123736
6,-0.003548316719312772
7,0.0009497483072040958
