index,residual
0,-1.1102230246251565e-16
1,0.0
2,-1.1102230246251565e-16
3,5.551115123125783e-17
4,0.0
5,-1.1102230246251565e-16
6,-2.220446049250313e-16
7,5.551115123125783e-17
