index,residual
0,0.008115472592802098
1,0.001050994552442619
2,-0.0062550475029850006
3,-0.0006484179052971273
4,0.005279048214325621
5,0.0032297408095238733
6,-0.007139473304140331
7,-0.00363231745667264
